{"is_source_file": false, "format": "", "description": "", "external_files": [], "external_methods": [], "published": [], "classes": [], "methods": [], "calls": [], "search-terms": ["resident-directory-management-system"], "state": 2, "file_id": 7, "knowledge_revision": 10, "git_revision": "9b044c2da28c608169b05947383a63c5aef0281c", "hash": "60c00f030858ed24171ba363b9a18656", "format-version": 4, "code-base-name": "resident_directory_database", "filename": "README.md", "revision_history": [{"10": "9b044c2da28c608169b05947383a63c5aef0281c"}]}