{"is_source_file": true, "format": "bash", "description": "This is a shell script that performs automatic backups for various database systems (SQLite, PostgreSQL, MySQL, MongoDB). It detects which database is running and executes the appropriate backup commands, saving the backups to files.", "external_files": ["/usr/lib/postgresql/", "/var/run/mysqld/mysqld.sock"], "external_methods": ["ls", "cp", "sudo -u postgres pg_isready", "sudo mysqladmin ping", "mysqladmin ping", "mysql", "mysqldump", "mongosh", "mongodump"], "published": [], "classes": [], "methods": [], "calls": ["ls /usr/lib/postgresql/", "cp", "sudo -u postgres pg_isready", "mongosh --port ${DB_PORT} --eval \"db.adminCommand('ping')\"", "mongodump --port ${DB_PORT} --db ${DB_NAME} --archive=database_backup.archive --quiet", "mysqladmin ping -h localhost -P ${DB_PORT} --silent", "sudo mysqladmin ping --socket=/var/run/mysqld/mysqld.sock --silent", "mysql -h localhost -P ${DB_PORT} -u ${DB_USER} -p${DB_PASSWORD}", "mysqldump -h localhost -P ${DB_PORT} -u ${DB_USER} -p${DB_PASSWORD} --databases ${DB_NAME} --add-drop-database --routines --triggers --single-transaction", "mysql -h localhost -P ${DB_PORT} -u root -p${DB_PASSWORD}", "sudo mysql --socket=/var/run/mysqld/mysqld.sock -u root -p${DB_PASSWORD}", "sudo mysqldump --socket=/var/run/mysqld/mysqld.sock -u root -p${DB_PASSWORD}", "sudo mysqldump --socket=/var/run/mysqld/mysqld.sock -u root", "mongosh --port ${DB_PORT} --eval \"db.adminCommand('ping')\"", "mongodump --port ${DB_PORT} --db ${DB_NAME} --archive=database_backup.archive --quiet"], "search-terms": ["backup_db.sh", "database backup", "SQLite", "PostgreSQL", "MySQL", "MongoDB", "automatic detection", "database backup script"], "state": 2, "file_id": 2, "knowledge_revision": 14, "git_revision": "bf862155460f48ed51d996b05b3a523a0a725036", "hash": "7af9aa35fa4940f934d83f6e2621b732", "format-version": 4, "code-base-name": "resident_directory_database", "filename": "resident_directory_database/backup_db.sh", "revision_history": [{"14": "bf862155460f48ed51d996b05b3a523a0a725036"}]}