{"is_source_file": true, "format": "bash", "description": "A script for restoring various types of databases (SQLite, PostgreSQL, MySQL, MongoDB) based on available backup files and environment detection.", "external_files": ["mysqladmin", "psql", "mongosh", "mongorestore"], "external_methods": ["ls", "sudo", "cp", "echo", "exit", "mysqladmin", "psql", "mongosh", "mongorestore", "mysql"], "published": [], "classes": [], "methods": [], "calls": ["ls /usr/lib/postgresql/", "sudo -u postgres ${PG_BIN}/pg_isready", "psql", "mysqladmin", "mysql"], "search-terms": ["database_restore_script", "backup_detection", "SQLite_restore", "PostgreSQL_restore", "MySQL_restore", "MongoDB_restore", "restore_script", "database_backup", "restore.sh"], "state": 2, "file_id": 1, "knowledge_revision": 11, "git_revision": "bf862155460f48ed51d996b05b3a523a0a725036", "hash": "67505395c0df4c9c001ab8f47571f3fb", "format-version": 4, "code-base-name": "resident_directory_database", "filename": "resident_directory_database/restore_db.sh", "revision_history": [{"11": "bf862155460f48ed51d996b05b3a523a0a725036"}]}