{"is_source_file": true, "format": "HTML", "description": "HTML source file for a web-based database visualizer interface, including styles, layout, and client-side scripting for fetching and displaying database information, tables, and data.", "external_files": [], "external_methods": ["fetch", "encodeURIComponent", "decodeURIComponent"], "published": [], "classes": [], "methods": [{"name": "loadDatabases", "description": "Fetches the list of databases from the API endpoint and renders them in the sidebar."}, {"name": "refreshDatabases", "description": "Refreshes the database list, resets UI components, and shows loading indicators."}, {"name": "toggleDatabase", "description": "Expands or collapses a database item in the sidebar and loads associated tables."}, {"name": "loadTables", "description": "Fetches tables for a selected database and renders them in the sidebar."}, {"name": "loadTableData", "description": "Fetches data for a selected table and renders it in the main content area."}, {"name": "renderTable", "description": "Constructs an HTML table from data array and inserts it into the container."}, {"name": "renderCell", "description": "Renders individual cell content, handling objects, long strings, and nulls with interactivity."}, {"name": "expandCell", "description": "Expands or collapses cell content for longer strings or objects."}], "calls": ["fetch", "encodeURIComponent", "decodeURIComponent"], "search-terms": ["HTML", "Database Viewer", "client-side scripting", "AJAX", "dynamic content", "tables", "json data", "visualizer"], "state": 2, "file_id": 4, "knowledge_revision": 13, "git_revision": "bf862155460f48ed51d996b05b3a523a0a725036", "hash": "ee63333a4841bf025439c755a74c9881", "format-version": 4, "code-base-name": "resident_directory_database", "filename": "resident_directory_database/db_visualizer/public/index.html", "revision_history": [{"13": "bf862155460f48ed51d996b05b3a523a0a725036"}]}