{"is_source_file": false, "format": "", "description": "", "external_files": [], "external_methods": [], "published": [], "classes": [], "methods": [], "calls": [], "search-terms": [], "state": 2, "file_id": 6, "knowledge_revision": 9, "git_revision": "bf862155460f48ed51d996b05b3a523a0a725036", "hash": "0c9f36dfd1a6dee9fa952c06ab7d9563", "format-version": 4, "code-base-name": "resident_directory_database", "filename": "resident_directory_database/db_visualizer/package.json", "revision_history": [{"9": "bf862155460f48ed51d996b05b3a523a0a725036"}]}