{"is_source_file": true, "format": "bash", "description": "A shell script for managing the startup and configuration of a PostgreSQL database server, including initialization, process checking, user and database setup, and permission configuration.", "external_files": ["/usr/lib/postgresql/", "/var/lib/postgresql/data/", "db_connection.txt", "db_visualizer/postgres.env"], "external_methods": ["ls", "sudo -u postgres pg_isready", "sudo -u postgres psql", "sudo -u postgres initdb", "sudo -u postgres postgres", "sudo -u postgres createdb", "pgrep -f", "sleep"], "published": [], "classes": [], "methods": [], "calls": ["/usr/lib/postgresql/${PG_VERSION}/bin/pg_isready", "/usr/lib/postgresql/${PG_VERSION}/bin/psql", "/usr/lib/postgresql/${PG_VERSION}/initdb", "/usr/lib/postgresql/${PG_VERSION}/postgres", "/usr/lib/postgresql/${PG_VERSION}/createdb"], "search-terms": ["postgresql", "startup script", "database setup", "initialization", "permissions", "management", "bash script", "pg_isready", "psql", "initdb"], "state": 2, "file_id": 3, "knowledge_revision": 12, "git_revision": "bf862155460f48ed51d996b05b3a523a0a725036", "hash": "fa2aa67ea0a7c72f7c0958282f15a864", "format-version": 4, "code-base-name": "resident_directory_database", "filename": "resident_directory_database/startup.sh", "revision_history": [{"12": "bf862155460f48ed51d996b05b3a523a0a725036"}]}